NAME,VALUE
Name1,-2.2800000000000002
Name2,0.11000000000000032
Name3,2.17
Name4,0.0
