NAME,VALUE
Name1,14.59
Name2,-1.2699999999999996
Name3,-11.94
Name4,2.6100000000000003
Name5,1.2799999999999998
Name6,-5.2700000000000005
Name7,0.0
