"['NAME', 'VALUE']",0,0
"['m', 6.666666666666666]",0,0
"['o', -3.333333333333333]",0,0
"['p', -3.333333333333333]",0,0
