NAME,VALUE
Name1,7.169999999999999
Name2,-13.190000000000001
Name3,6.04
Name4,-0.02
