NAME,VALUE
Name1,-3.729999999999999
Name2,0.7899999999999996
Name3,-6.339999999999999
Name4,1.75
Name5,12.09
Name6,-4.57
Name7,0.01
