NAME,VALUE
Name1,7.14
Name2,-5.300000000000001
Name3,-4.379999999999999
Name4,2.54
Name5,0.0
