NAME,VALUE
Name1,-4.85
Name2,10.809999999999999
Name3,4.199999999999999
Name4,2.1300000000000003
Name5,-17.92
Name6,-7.99
Name7,13.850000000000001
Name8,-0.23
