NAME,VALUE
Name1,11.379999999999999
Name2,-17.67
Name3,6.290000000000001
Name4,0.0
