NAME,VALUE
m,6.666666666666666
o,-3.333333333333333
p,-3.333333333333333
