Index,a,p,z,m
1,4.98,-2.4899999999999998,-2.4899999999999998,0
2,0.0,0,0,0
3,2.4,0,0,-2.4