Index,m,o,p
1,6.666666666666666,-3.3333333333333335,-3.3333333333333335